term,r,tau
smoothed_bigram,0.8771470447553855,0.6697755981614988
hayes_phonetic_features,0.7406334443173089,0.6740704640463273
hayes_learned_features,0.7816060706664545,0.6327600501047732
bl_continuous_pmi,0.825297455626765,0.6998793267204919
bl_discrete_binary_phonetic,0.7851528714128853,0.6462435420113103
bl_discrete_binary_learned,0.8036850301395118,0.6595635737944359
max_sc_cov,0.7536288096110837,0.6103722786580346
