term,human_response
smoothed_bigram,0.585412959656116
hayes_phonetic_features,0.6417476623345044
hayes_learned_features,0.5925304424482877
max_sc_kld,0.6194582004719346
